ProductName,Listing Price,Sale Price,Discount,Brand (Adidas=1 Nike=2),Rating,Reviews
2 Nike Renew Run,899,6995,0,2,4.3,12
2 Air Jordan 10 Retro,999,15995,0,2,4.7,223
2 Air Jordan 12 Retro,999,15995,0,2,4.5,24
2 Nike Air Max 270 React,999,12995,0,2,4,1
2 Nike Mercurial Superfly 7 Academy MDS MG,999,8995,0,2,0,0
2 Nike Air Zoom Winflo 6,999,7995,0,2,5,3
2 Nike Air Max 97,999,15995,0,2,5,1
2 Nike Zoom Fly 3 Premium,999,14995,0,2,0,0
2 Nike MX-720-818,999,15995,0,2,4.4,5
2 Nike React Element 55,999,11995,0,2,3.9,17
2 Nike SB Charge Slip Premium,999,5495,0,2,0,0
2 Nike Free RN 5.0 2020,999,7995,0,2,0,0
2 Nike ZoomX Vista Grind,1199,13995,0,2,4.5,2
2 Nike Air Force 1 React,1299,9995,0,2,0,0
2 PG 4 EP,1299,8995,0,2,4.5,2
2 Nike Air Max 2090,1299,11995,0,2,0,0
2 Nike Air Force 1 07 LV8,1299,7995,0,2,5,3
2 Kyrie 6 AS EP,1299,10995,0,2,0,0
2 Nike Air VaporMax Flyknit 3,1299,16995,0,2,3.7,50
2 Nike Air Max Verona,1299,9995,0,2,5,2
2 Nike Air Force 1 Shadow,1299,8995,0,2,4.8,20
2 Nike Air Tailwind 79,1299,7995,0,2,3.9,17
2 Nike Zoom 2K,1299,6995,0,2,4.9,8
2 Nike Zoom Pegasus Turbo 2,1299,15995,0,2,3.1,54
2 Nike Kawa Shower,1299,1595,0,2,4.5,6
2 Nike React Infinity Run Flyknit,1299,13995,0,2,4.6,68
2 Nike Air Max 1 DNA Ch. 1,1299,12995,0,2,0,0
2 Nike Legend React 2,1299,7995,0,2,0,0
2 Nike Metcon 5,1299,10995,0,2,3.7,31
2 Nike Air VaporMax 360,1299,18995,0,2,0,0
2 Nike Blazer Low QS Flyleather with at least 50% leather fibre,1299,6495,0,2,2,2
2 Nike SB Dunk High Pro,1299,8995,0,2,4.8,4
2 Nike Air Max 90 FlyEase,1299,9995,0,2,4,1
2 Nike Metcon 5 AMP,1299,11995,0,2,5,2
2 Nike React Kenny 55,1299,12995,0,2,5,1
2 Nike Air Force 1 Low Retro,1299,10995,0,2,4.5,2
2 NikeCourt Zoom Cage 3,1299,13495,0,2,3.6,20
2 Nike Air Max 90 Print,1299,12995,0,2,0,0
2 Nike Metcon Sport,1299,7995,0,2,3.6,14
2 Jordan Mars 270,1299,14995,0,2,4.6,15
2 Nike Air Zoom Vomero 14,1499,11995,0,2,4.2,23
2 Nike Air Max 720,1499,15995,0,2,0,0
2 Nike Zoom Fly,1499,14495,0,2,4.3,105
2 Nike Zoom Fly 3,1499,13995,0,2,4,30
2 Nike Air Zoom Pegasus 35,1499,10995,0,2,3.9,61
2 Nike Air Zoom Pegasus 36 Trail,1499,10995,0,2,4.6,12
2 KD13 EP,1499,12995,0,2,0,0
2 Nike Air Monarch IV,1499,5295,0,2,4.1,94
2 Zoom Freak 1,1499,9995,0,2,4.2,30
2 Nike Mercurial Superfly 7 Academy IC,1499,8495,0,2,5,1
2 Air Jordan 1 Low,1499,8995,0,2,4.6,34
2 Nike Air Max 95 Print,1499,16995,0,2,0,0
2 Nike Mercurial Vapor 13 Elite FG,1499,21995,0,2,3.5,4
2 Nike SB Adversary Premium,1499,7995,0,2,0,0
2 Nike Zoom KD12,1499,12995,0,2,4.6,18
2 Nike Air Max 90,1499,9995,0,2,4.7,9
2 Air Jordan 4 Retro SE,1499,18995,0,2,4.8,11
2 Nike SB Zoom Stefan Janoski Canvas RM Premium,1499,7995,0,2,1,1
2 Nike Mercurial Superfly 7 Academy MDS TF,1499,8995,0,2,0,0
2 Nike Pegasus 36 FlyEase (Extra Wide),1499,9995,0,2,3,4
2 Air Jordan OG,1499,11995,0,2,0,0
2 Nike Air Max 270 React ENG,1499,14995,0,2,0,0
2 Jordan Aerospace 720,1499,16995,0,2,5,1
2 Jordan Hydro 8,1499,3995,0,2,4,1
2 Nike Air Max 90/1,1499,14995,0,2,0,0
2 Nike Air Max 1 Premium,1499,11995,0,2,0,0
2 Nike Tiempo Legend 8 Club MG,1499,4495,0,2,0,0
2 Nike Air Zoom Terra Kiger 6,1599,10995,0,2,5,2
2 Jordan Jumpman 2020 PF,1599,8995,0,2,5,2
2 Nike Air Max 90 SP,1599,15995,0,2,0,0
2 Nike Joyride Dual Run,1599,10995,0,2,4.8,5
2 Nike AF-1 Shadow SE,1799,9995,0,2,0,0
2 NikeCourt Air Zoom Vapor X,1799,14995,0,2,3.3,13
2 Nike Bella Kai,1799,1995,0,2,0,0
2 Nike Mercurial Vapor 13 Club Neymar Jr. MG,1799,5495,0,2,0,0
2 Nike Mercurial Vapor 13 Club Neymar Jr. TF,1999,5495,0,2,0,0
2 Nike Mercurial Vapor 13 Elite Neymar Jr. FG,1999,22995,0,2,0,0
2 Nike Mercurial Vapor 13 Academy Neymar Jr. TF,1999,7995,0,2,0,0
2 Nike Mercurial Vapor 13 Academy Neymar Jr. MG,1999,7995,0,2,0,0
2 LeBron 17,1999,16995,0,2,4.5,47
2 Nike Benassi,1999,2495,0,2,4.3,12
2 Air Jordan XXXIV PF,1999,14995,0,2,5,2
2 LeBron Witness 4 EP,1999,7995,0,2,0,0
2 Nike React Sertu,2299,12995,0,2,5,2
2 Nike React Element 55 SE,2499,10995,0,2,5,1
2 Nike Zoom Rival Fly 2,2499,7995,0,2,0,0
2 Nike Precision 4,2499,5495,0,2,0,0
2 Nike Renew Run Special Edition,2499,7995,0,2,0,0
2 Kyrie Flytrap 3 EP,2499,6495,0,2,0,0
2 Nike Mercurial Vapor 13 Club Neymar Jr IC,2499,5495,0,2,0,0
2 Nike Air Max Alpha Savage,2499,8995,0,2,4.2,5
2 Jordan Max 200,2499,10495,0,2,0,0
2 Nike React Vision,2499,10995,0,2,4.7,3
2 Nike Phantom Vision 2 Club Dynamic Fit TF,2499,5995,0,2,0,0
2 Jordan Trunner NXT React,2499,11995,0,2,5,3
2 Kyrie Low 2,2499,9495,0,2,4.5,4
2 Nike Tiempo Legend 8 Academy MG,2499,6495,0,2,2,1
2 Kyrie 5,2499,8495,0,2,5,3
2 Nike Flex 2020 RN,2499,6995,0,2,0,0
2 Nike Air Force 1 07,2499,7295,0,2,4.5,78
2 Nike SB Chron Solarsoft Premium,2499,5995,0,2,0,0
2 NikeCourt Air Max Vapor Wing Premium,2499,7995,0,2,0,0
2 Nike Phantom Vision 2 Elite Dynamic Fit FG,2499,22995,0,2,5,1
2 Nike Air Max 270 SE,2499,13995,0,2,5,1
2 Nike Zoom KD11 EP,2499,14995,0,2,0,0
2 Nike React Metcon AMP,2499,13995,0,2,0,0
2 Nike Air Max 95 Premium,2499,14995,0,2,0,0
2 Nike Benassi JDI,2499,2795,0,2,3,5
2 Nike Tiempo Legend 8 Academy IC,2499,6495,0,2,5,1
2 Nike Mercurial Vapor 13 Academy MG,2499,7495,0,2,0,0
2 Nike React Presto Premium,2499,10995,0,2,5,1
2 Zoom Freak 1 Employee of the Month',2499,9995,0,2,5,1
2 Nike ZoomX Vaporfly NEXT%,2699,19995,0,2,4.7,45
2 Nike SB Check,2699,5495,0,2,5,1
2 Nike Free RN Flyknit 3.0 2020,2699,10995,0,2,0,0
2 Nike iSPA React,2699,13995,0,2,4.6,14
2 NikeCourt Air Zoom Zero,2699,11995,0,2,4.3,10
2 Nike Air Force Max II,2699,13995,0,2,4.5,2
2 Nike Air Max 1 Print,2699,12995,0,2,0,0
2 Nike Mercurial Superfly 7 Elite MDS FG,2699,24995,0,2,5,1
2 Nike Mercurial Vapor 13 Club IC,2699,4995,0,2,0,0
2 Nike Solarsoft,2699,1595,0,2,3.8,5
2 Nike Mercurial Vapor 13 Elite SE FG,2699,21995,0,2,0,0
2 Nike Air Max 720 BETRUE,2699,15995,0,2,5,1
2 Nike Air Force 1 Mid 07,2699,7595,0,2,4.5,13
2 Nike Air Max 2017,2699,15995,0,2,2.9,71
2 Nike EXP-X14 SE,2699,11995,0,2,5,2
2 NikeCourt Lite 2,2699,4995,0,2,0,0
2 Air Max 200 20,2699,10995,0,2,0,0
2 Nike x Undercover Air Max 720,2699,16995,0,2,4,3
2 Air Jordan 13 Retro,2699,15995,0,2,3.9,34
2 Kyrie 6 EP Chinese New Year',2799,10995,0,2,5,1
2 Nike Fly.By Mid,2799,4495,0,2,0,0
2 Nike Air Streak Lite,2799,8995,0,2,5,1
2 Nike Wildhorse 6,2799,9995,0,2,4.7,3
2 Nike Air Zoom Wildhorse 5,2799,8995,0,2,5,6
2 Nike Benassi JDI BETRUE,2799,4495,0,2,4.3,3
2 Kyrie 4,2799,10995,0,2,4.1,19
2 Air Jordan 5 Retro,2799,18995,0,2,4.6,8
2 Nike Drop-Type Premium,2799,6995,0,2,4,6
2 Jordan Modero 2 VP,2799,4495,0,2,0,0
2 Nike React Metcon,2799,12995,0,2,3.9,10
2 Nike Classic Cortez,2799,6595,0,2,4.2,5
2 Jordan Why Not?' Zer0.2 SE,2799,11995,0,2,0,0
2 Nike Tiempo Legend 8 Club TF,2799,4495,0,2,0,0
2 Nike Phantom Vision 2 Academy Dynamic Fit TF,2799,8495,0,2,0,0
2 Nike Zoom Fly Flyknit,2799,15995,0,2,4.2,42
2 Nike Air Max 98 SE,2799,15995,0,2,0,0
2 Nike x Hawkins High Cortez,2799,9995,0,2,5,1
2 NikeCourt Air Max Vapor Wing MS,2799,6495,0,2,3.5,2
2 LeBron x John Elliott Icon,2799,19995,0,2,4.8,6
2 Nike Air Max 270 Flyknit,2799,15995,0,2,4.4,10
2 Air Jordan 13 Retro Chinese New Year,2799,19995,0,2,5,1
2 Nike Air Force 1 Type-2,2799,11995,0,2,0,0
2 Nike SB Air Max Stefan Janoski 2,2799,9995,0,2,2.6,11
2 Nike Flex TR 9,2799,5495,0,2,2.9,8
2 Nike SB Air Zoom Bruin Edge,2799,7995,0,2,5,1
2 Nike x Undercover React Presto,2799,15995,0,2,5,1
2 Nike Canyon,2799,5995,0,2,0,0
2 Nike Flex RN 2019,2799,6995,0,2,3.8,6
2 Nike Air Max Dia Winter,2799,10995,0,2,4.4,5
2 Nike Mercurial Superfly 7 Elite SE FG,2799,22995,0,2,0,0
2 Nike SB Shane,2799,6495,0,2,4.7,3
2 Air Jordan 1 Mid,2799,9995,0,2,0,0
2 Nike Phantom Vision 2 Academy Dynamic Fit MG,2799,8495,0,2,0,0
2 Kyrie 6 EP,2799,10995,0,2,0,0
2 Nike Potential 3,2799,4495,0,2,5,1
2 Nike Air Huarache,2799,8995,0,2,4.5,63
2 KD Trey 5 VII EP,2799,7995,0,2,0,0
2 Nike Phantom Venom Academy FG,2995,7495,0,2,2.8,5
2 Nike Mercurial Superfly 7 Club MG,2995,5995,0,2,0,0
2 Nike Phantom Venom Academy TF,2999,7495,0,2,5,1
2 Nike Tiempo Legend 8 Elite FG,2999,20995,0,2,3.1,7
2 Nike SB Zoom Stefan Janoski Canvas RM,2999,6995,0,2,3.4,5
2 Jordan Why Not?' Zer0.2 SE PF,2999,10995,0,2,3,2
2 Nike Shox TL Nova SP,2999,14995,0,2,5,1
2 Nike Phantom Vision 2 Club Dynamic Fit MG,2999,5995,0,2,0,0
2 Nike x Olivia Kim Air Force 1 07,2999,9995,0,2,5,1
2 Nike Daybreak,2999,9995,0,2,0,0
2 Nike Mercurial Superfly 7 Elite FG,2999,22995,0,2,4.3,8
2 Nike Air Max 90 Essential,2999,8995,0,2,4,9
2 Nike Air Max Triax 96 SP,2999,12995,0,2,4,1
2 Nike Offcourt SE,2999,2995,0,2,0,0
2 Nike Air Max 720 SE,2999,15995,0,2,3,1
2 Nike Revolution 5 FlyEase,2999,3695,0,2,4.5,6
2 Nike Air Max 270,2999,13995,0,2,3.9,63
2 Nike SFB Gen 2 20cm (approx.),2999,13995,0,2,3.8,15
2 Nike Air Max Dia,2999,8995,0,2,5,3
2 Nike SB Alleyoop,2999,6495,0,2,0,0
2 Nike Air Max Bella TR 2,2999,6495,0,2,4.3,12
2 Nike Air Force 1 SP,2999,12995,0,2,4.7,3
2 Nike Zoom Pegasus Turbo,2999,15995,0,2,3.6,20
2 NikeCourt Air Zoom Vapor Cage 4,2999,12995,0,2,4.7,3
2 Air Jordan 1 Nova XX,2999,10495,0,2,5,1
2 Nike Mercurial Superfly 7 Club TF,2999,5995,0,2,0,0
2 Nike Air Max Impact,2999,7995,0,2,5,1
2 Nike Air Max 90 Premium,2999,11995,0,2,5,2
2 Nike Air Max 270 Special Edition,2999,14995,0,2,5,1
2 Nike Air Force 1 Sage Low,2999,8995,0,2,4.5,36
2 Nike Air Max Triax 96,2999,10995,0,2,5,2
2 Nike Air VaporMax Flyknit 2 LXX,2999,36500,0,2,0,0
2 Air Jordan 1 Jester XX Low Laced,2999,7995,0,2,5,2
2 Nike Metcon 5 Premium,2999,11995,0,2,0,0
2 Nike Air Max 270 React SE,2999,13995,0,2,0,0
2 Nike Metcon 4 XD Patch,2999,11995,0,2,0,0
2 Nike ZoomX Vista Grind SP,2999,14995,0,2,5,1
2 Nike Drop-Type,2999,5995,0,2,4,1
2 Nike Legend React,2999,8795,0,2,2.7,19
2 NikeCourt Air Max Wildcard,2999,7995,0,2,4.5,2
1 Womens adidas Swim Puka Slippers,3299,599,40,1,2.6,37
1 Womens adidas Swim Jung Slippers,3299,499,50,1,3.2,20
1 Mens adidas Toe Side II Slippers,1299,779,40,1,1.5,59
1 Mens adidas Swim Ozor III Slippers,1299,779,40,1,2.2,46
1 Mens adidas Swim Stabile Slippers,1299,779,40,1,2.7,14
1 Womens adidas Swim Ozor III Slippers,1299,779,40,1,3.5,35
1 Womens adidas Swim Eezay Slippers,1299,649,50,1,5,60
1 Mens adidas Swim Gadi Slippers,1499,749,50,1,3.7,9
1 Mens adidas Swim Bise Slippers,1499,749,50,1,2.6,24
1 Mens adidas Swim Salon Slippers,1499,899,40,1,2.4,83
1 Womens adidas Swimming Eezay 2019 Slippers,1499,749,50,1,3,25
1 Mens adidas Swim Gladi 19 Slippers,1599,959,40,1,3.8,8
1 MENS ADIDAS ESSENTIALS EEZAY FLIP-FLOPS,1999,999,50,1,0,67
1 Womens adidas Sport Inspired Glenn W Shoes,2499,1749,30,1,4.8,41
1 Mens adidas Sport Inspired Drogo Shoes,2699,1349,50,1,3.5,89
1 Womens adidas Sport Inspired Drogo Shoes,2699,2159,20,1,2.8,49
1 Mens adidas Outdoor Elevate Sandals,2799,1399,50,1,2.8,14
1 Mens adidas Outdoor Hoist 2019 Sandals,2799,1679,40,1,1.5,47
1 Mens adidas Outdoor Elevate 2018 Sandals,2799,1399,50,1,3.3,70
2 Nike Benassi JDI SE,2995,2097,0,2,0,0
2 Nike Benassi JDI Floral,2995,2397,0,2,4.1,8
1 Womens adidas Running Hyperon 1.0 Shoes,2999,2399,20,1,2.7,37
1 Mens Outdoor Ediffin II Sandals,2999,2999,0,1,3.4,91
1 MENS ADIDAS SWIM ADILETTE CLOUDFOAM PLUS LOGO SLIDES,2999,2999,0,1,4.7,51
1 WOMENS ADIDAS SWIM CLOUDFOAM FLIP FLOPS,3299,1649,50,1,2.7,62
1 Womens adidas Running Hellion Z Shoes,3299,1979,40,1,2.7,46
1 Womens adidas Sport Inspired Yking 2.0 Shoes,3299,1979,40,1,2.2,86
1 Womens Sport Inspired Yking 2.0 Shoes,3299,1979,40,1,2,11
1 Mens adidas Outdoor Terra Light Sandals,3599,2159,40,1,2.4,41
1 Womens adidas Running Cyberg 1.0 Shoes,3599,2159,40,1,4.7,53
1 Mens adidas Running Rush Shoes,3599,1799,50,1,2.5,22
1 Womens adidas Sport Inspired Videll Shoes,3799,2279,40,1,3.9,13
2 NikeCourt Royale SL,3995,3197,0,2,0,0
1 Womens adidas Sport Inspired Quickspike Shoes,3999,1999,50,1,3.1,8
1 Womens adidas Sport Inspired Lite Racer 2.0 Shoes,3999,3999,0,1,2.9,51
1 Mens adidas Sport Inspired Quickspike Shoes,3999,1999,50,1,3.8,64
1 Mens adidas Running Supervega Shoes,3999,2399,40,1,1,68
1 Womens adidas Sport Inspired Lite Racer Slip-Ons,3999,2399,40,1,4.7,45
1 Mens adidas Running Dracon Shoes,3999,1999,50,1,4.1,70
1 Womens adidas Sport Inspired Lite Racer Shoes,4299,2149,50,1,3.8,67
1 Womens adidas Sport Inspired Arcadeis Shoes,4299,2149,50,1,3.7,43
1 Mens adidas Sports Inspired Lite Racer Shoes,4299,2149,50,1,1.5,6
1 Mens adidas Running Sedna Shoes,4299,2149,50,1,1,48
1 Mens adidas Running Kyris 4.0 Shoes,4299,2149,50,1,4.6,15
1 Mens adidas Sport Inspired Factor Shoes,4299,2149,50,1,4.4,23
1 Womens adidas Sport Inspired Yatra Shoes,4299,2579,40,1,3.5,30
1 Mens adidas Running Erdiga 3.0 Shoes,4299,2149,50,1,3.2,73
1 Womens adidas Running Bolter Shoes,4299,2149,50,1,2,24
2 Nike Tiempo Legend 8 Club IC,4495,3147,0,2,2,1
2 NikeCourt Royale,4495,3597,0,2,1.5,2
2 NikeCourt Royale AC,4495,3147,0,2,5,1
1 Womens adidas Sport Inspired Storm Runner Shoes,4599,2299,50,1,1,16
1 Womens adidas Sport Inspired Lite Racer CLN Shoes,4599,2759,40,1,4.1,35
1 Mens adidas Sport Inspired Kalus 1.0 Shoes,4599,2299,50,1,3,28
1 mens ADIDAS RUNNING NEBULAR 1.0 SHOES,4599,2299,50,1,4.3,64
1 MENS ADIDAS RUNNING HELKIN 3.0 SHOES,4599,2299,50,1,4,87
1 Mens adidas Outdoor Andorian Shoes,4599,2299,50,1,0,49
1 Mens adidas Running Stargon 1.0 Shoes,4599,2299,50,1,4.2,98
1 Mens adidas Sport Inspired Lyrid Slip-ons,4599,2299,50,1,3.8,90
1 Mens adidas Running Kalus 1.0 Shoes,4599,2299,50,1,3.8,77
1 Womens adidas Sport Inspired QT Racer Shoes,4599,2759,40,1,4.2,9
1 Mens adidas Sport Inspired Zeta 2.0 Shoes,4599,2299,50,1,2.9,58
1 Mens adidas Running Helkin 3 Shoes,4599,2299,50,1,4.1,94
1 MENS ADIDAS RUNNING KIVARO 1.0 SHOES,4599,2299,50,1,2.5,7
1 Mens adidas Running Kyris 1.0 Shoes,4599,2299,50,1,3.9,26
1 Mens adidas Sport Inspired Arcadeis Shoes,4599,2299,50,1,4.9,85
1 Mens adidas Sport Inspired Kaptur Shoes,4599,2299,50,1,3.8,12
1 Womens adidas Sport Inspired VS Advantage Clean Shoes,4599,2299,50,1,4.1,26
2 Nike Tanjun,4795,3357,0,2,4.2,25
1 Womens adidas Sport Inspired Duramo Lite 2.0 Shoes,4799,1920,60,1,1,45
1 Mens adidas Running Torik Shoes,4799,2399,50,1,4.4,17
1 MENS adidas RUNNING YAMO 1.0 SHOES,4799,2399,50,1,4.3,8
1 Mens adidas Running Kollide Shoes,4799,2399,50,1,5,54
1 Mens adidas Running Grito Shoes,4799,2399,50,1,3.5,79
2 Nike Mercurial Vapor XII Club MG,4995,3997,0,2,0,0
2 Nike Mercurial Vapor 13 Club TF,4995,3497,0,2,0,0
2 Nike PhantomVNM Club FG,4995,3497,0,2,0,0
2 Nike Phantom Venom Club IC,4995,3497,0,2,0,0
1 Womens adidas Running Asweerun Shoes,4999,2999,40,1,3.2,12
1 Womens adidas Sport Inspired Archivo Shoes,4999,2999,40,1,3.9,83
1 Mens adidas Running Nayo 1.0 shoes,4999,2000,60,1,3.8,98
1 Womens adidas Running Aseerun Shoes,4999,2999,40,1,4.8,77
1 Mens adidas Sport Inspired Duramo Lite 2.0 Shoes,4999,2499,50,1,4.3,6
1 Mens adidas Sport Inspired Advantage Base Shoes,4999,2499,50,1,3.5,6
1 MENS ADIDAS RUNNING ARIUS 1.0 SHOES,4999,2499,50,1,3.5,74
1 Mens adidas Running Bound Shoes,4999,2499,50,1,3.8,96
1 Mens adidas Sport Inspired Nebular 2 Shoes,4999,2499,50,1,4,94
1 Womens adidas Originals Adilette Slides,4999,2999,40,1,2,90
1 Mens adidas Running Rey Shoes,4999,2499,50,1,3,47
1 Mens adidas Running Puaro Shoes,4999,2499,50,1,4.8,0
1 Mens adidas Running Weave Shoes,4999,2999,40,1,2.7,80
1 Womens adidas RunFalcon Shoes,4999,2499,50,1,4.7,24
1 Womens adidas Sport Inspired Lite Racer RBN Shoes,4999,2999,40,1,4.6,35
1 Mens adidas Running Erdiga 4.0 Shoes,4999,2499,50,1,4.6,39
1 Mens adidas Running Kylen 1.0 shoes,4999,2499,50,1,3.8,21
1 mens Adidas RUNNING TORIL SHOES,4999,2499,50,1,2.4,58
1 mens ADIDAS RUNNING TORIL 1.0 SHOES,4999,2499,50,1,2.2,18
1 Womens adidas Originals Adilette Zip Slides,4999,2499,50,1,2.9,51
1 Mens adidas Running Galaxy 4 Shoes,5299,2649,50,1,2.4,99
1 Mens adidas Sport Inspired Binafo Shoes,5299,2649,50,1,4.4,74
1 Mens adidas Running Flank Shoes,5299,2649,50,1,3.3,79
1 MENS ADIDAS RUNNING NAYO 2.0 SHOES,5299,2649,50,1,1,51
1 Womens adidas Sports Inspired Court Adapt Shoes,5299,2649,50,1,4.6,84
1 WOMENS ADIDAS RUNNING DURAMO 9 SHOES,5599,2799,50,1,4.5,16
1 Womens adidas Sport Inspired Cloudfoam Pure Shoes,5599,3359,40,1,5,15
1 Womens adidas Sport Inspired RunFalcon Shoes,5599,3359,40,1,3.3,5
1 Womens adidas Sport Inspired Blaze Runner Shoes,5599,3359,40,1,3.6,4
1 Womens adidas Running Sooraj Shoes,5599,3359,40,1,5,75
1 Mens adidas Sport Inspired Run 70s Shoes,5599,3359,40,1,3.9,48
1 MENS ADIDAS RUNNING LEGUS 1.0 SHOES,5599,2799,50,1,2.5,66
1 Mens adidas Running Whizz Shoes,5599,2799,50,1,3.4,46
1 Mens adidas Tennis Courtsmash Shoes,5599,3359,40,1,3,75
1 Mens adidas Sport Inspired Blaze Runner Shoes,5599,2799,50,1,4.1,68
1 Mens adidas Running Furato Shoes,5599,2799,50,1,4,15
1 Mens adidas Running Raddis 1.0 shoes,5599,2799,50,1,4.7,57
1 MENS ADIDAS OUTDOOR SIKI SHOES,5599,2799,50,1,3.5,73
1 MENS ADIDAS RUNNING ARGECY SHOES,5599,2799,50,1,0,17
1 Mens adidas Sport Inspired Phanko Shoes,5599,2799,50,1,2.7,74
1 Mens adidas Sport Inspired Archivo Shoes,5599,3359,40,1,4.2,89
1 Mens adidas Running Asweerun Shoes,5599,2799,50,1,3.3,2
1 Mens adidas Sport Inspired Stunn Shoes,5599,2799,50,1,3.5,40
1 Unisex adidas Originals Skateboarding Adi-Ease Shoes,5599,3359,40,1,4.2,38
1 Womens adidas Running Duramo SL Shoes,5599,5599,0,1,5,44
2 Nike Phantom Vision Club Dynamic Fit FG,5995,4497,0,2,5,1
2 Nike Flex Contact 3,5995,4197,0,2,0,0
1 Womens adidas Running Cosmic 2 Shoes,5999,2999,50,1,3.1,69
1 Mens adidas Running Nepton 2.0 Shoes,5999,2999,50,1,0,17
1 Mens adidas Running Duramo 9 Shoes,5999,3599,40,1,3.9,88
1 MENS ADIDAS RUNNING LEGUS SHOES,5999,2999,50,1,3.7,52
1 MENS ADIDAS RUNNING ZETA 1.0 SHOES,5999,2999,50,1,4.4,42
1 Mens adidas Originals Skateboarding Seeley Shoes,5999,3599,40,1,4.3,19
1 WOMENS ADIDAS SPORT INSPIRED ENERGY CLOUD V SHOES,5999,2999,50,1,3.2,43
1 Mens adidas Sport Inspired Runigma Shoes,5999,3599,40,1,3.6,98
1 Mens adidas Outdoor Naha Shoes,5999,2999,50,1,4.8,15
1 Mens Running Nova Flow Shoes,5999,5999,0,1,2.4,6
1 Unisex adidas Originals Skateboarding 3MC Shoes,5999,2999,50,1,1,67
1 Mens adidas Originals Forest Grove Shoes,6599,3959,40,1,4,39
1 Womens adidas Originals Continental Vulc Shoes,6599,3959,40,1,4.2,35
1 Womens adidas Running EnergyFalcon X Shoes,6599,3299,50,1,4.4,81
1 Womens adidas Sport Inspired Questar Flow Shoes,6599,3959,40,1,2.7,41
1 Mens adidas Sport Inspired Netpoint Shoes,6599,3299,50,1,4.4,3
1 Womens adidas Originals Taekwondo Team Shoes,6599,3959,40,1,3.8,3
1 Womens adidas Originals Forest Grove Shoes,6599,3959,40,1,1.5,69
1 Mens adidas Americana Low Shoes,6599,3959,40,1,4.9,42
1 Mens adidas Sport Inspired Grand Court Shoes,6599,3959,40,1,2.2,1
1 WOMENS ADIDAS SPORT INSPIRED RUN 70S SHOES,6599,3299,50,1,2.2,35
1 Womens adidas Sport Inspired Questar X BYD Shoes,6599,3299,50,1,1,77
1 Womens adidas Sport Inspired Chaos Shoes,6599,3959,40,1,3.4,34
2 Nike Drop-Type Mid,6995,4897,0,2,5,1
2 NikeCourt Air Zoom Resistance,6995,5597,0,2,2.5,6
2 Nike Blazer Low LE,6995,5597,0,2,5,2
1 Womens adidas Sport Inspired Questar Ride Shoes,6999,3499,50,1,4.1,35
1 Womens adidas Running Response Trail X Shoes,6999,4199,40,1,3.3,69
1 Womens adidas Sport Inspired Court 80s Shoes,6999,4199,40,1,2.4,48
1 WOMENS ADIDAS RUNNING QUESA SHOES,6999,3499,50,1,5,31
2 Nike Mercurial Vapor 13 Academy MDS IC,7495,5247,0,2,0,0
2 Nike Phantom Venom Academy IC,7495,5247,0,2,0,0
2 Nike Mercurial Vapor 13 Academy MDS MG,7495,5247,0,2,0,0
2 Nike Mercurial Vapor 13 Academy MDS TF,7495,5247,0,2,0,0
2 Nike Mercurial Vapor 13 Academy IC,7495,5247,0,2,0,0
2 Nike Mercurial Vapor 13 Academy TF,7495,5247,0,2,0,0
2 Nike Flex RN 2018,7495,5997,0,2,3.2,15
1 Womens adidas Originals Sleek Shoes,7599,3799,50,1,3.3,24
1 Womens adidas Originals Swift Run Shoes,7599,4559,40,1,2.7,36
1 Womens adidas Originals Supercourt Shoes,7599,4559,40,1,3.1,62
1 Womens adidas Running Asweego Shoes,7599,4559,40,1,2.6,84
1 Mens adidas Originals Supercourt Shoes,7599,4559,40,1,4.3,70
1 Womens adidas Originals U_Path X Shoes,7599,4559,40,1,3.9,12
1 Womens adidas Originals N-5923 Shoes,7599,3799,50,1,2.8,21
1 Mens adidas Original X_PLR Shoes,7599,4559,40,1,4,68
1 Unisex adidas Originals Adi-Ease Shoes,7599,3799,50,1,1.5,47
1 Womens adidas Originals Rivalry Low Shoes,7599,4559,40,1,0,24
1 Womens adidas Sport Inspired Kaptir X Shoes,7599,4559,40,1,2.2,49
2 Nike P-6000,7995,4797,0,2,0,0
2 Nike Zoom Rival Fly,7995,6397,0,2,5,1
2 Nike Air Force 1 07 Essential,7995,5597,0,2,4.4,5
2 Nike Air Zoom Winflo 5,7995,6397,0,2,3,6
2 Nike SB Zoom Stefan Janoski Mid RM,7995,6397,0,2,5,1
2 Nike SB Blazer Low XT,7995,6397,0,2,5,2
2 Nike Zoom Gravity,7995,6397,0,2,3.7,18
2 Nike Cortez 72 S.D.,7995,4797,0,2,4.4,9
2 Jordan Proto-Lyte,7995,6397,0,2,2.4,5
2 Nike SB Bruin High,7995,5597,0,2,4.2,6
2 Nike Free TR Ultra,7995,6397,0,2,1,1
1 Womens adidas Originals Taekwondo Shoes,7999,3999,50,1,3.5,72
1 Mens adidas Sport Inspired Response Trail Shoes,7999,3999,50,1,3.2,16
1 Womens adidas Originals U_Path Run Shoes,7999,4799,40,1,4.8,18
1 Womens adidas Originals Stan Smith Shoes,7999,4799,40,1,4,47
1 Womens adidas Originals Continental 80 Shoes,7999,4799,40,1,4,23
1 Mens adidas Originals Superstar Shoes,7999,7999,0,1,4.9,38
1 Mens adidas Originals Stan Smith Shoes,7999,3999,50,1,4,85
1 Mens adidas Originals CAMPUS Low Shoes,7999,3999,50,1,2,28
1 Mens adidas Running Edge PR Shoes,7999,3999,50,1,4.2,66
1 Mens adidas Running PureBounce+ Street Shoes,7999,3999,50,1,4.5,7
1 Womens adidas Originals Sleek Super Shoes,7999,4799,40,1,4.4,71
1 Womens adidas Originals Sambarose Shoes,7999,4799,40,1,4.8,25
1 Womens Originals Sleek Super Shoes,7999,5599,30,1,2.2,96
1 WOMENS ADIDAS ORIGINALS SAMBA OG SHOES,7999,3999,50,1,0,85
1 Mens adidas Originals ZX 4000 Shoes,7999,4799,40,1,4.1,70
1 Mens adidas Originals A.R. Trainers,7999,4799,40,1,4.5,92
1 Mens adidas Running SenseBounce+ Street Shoes,7999,3999,50,1,2.7,78
1 Womens adidas Originals Sleek Zip Shoes,7999,4799,40,1,3.8,43
1 Womens ADIDAS ORIGINALS FLB_RUNNER SHOES,7999,3999,50,1,4.9,83
1 Womens adidas Originals Gazelle Shoes,7999,4799,40,1,2,94
1 Mens adidas Running Solar Blaze Shoes,7999,3999,50,1,3.3,6
1 Womens adidas Originals Superstar Shoes,7999,7999,0,1,2.4,33
1 Womens adidas Originals Tubular Shadow Shoes,7999,3999,50,1,3.3,87
1 Womens adidas Originals Continental 80 Strap Shoes,7999,4799,40,1,3.8,37
1 Womens adidas Originals Samabarose Shoes,7999,4799,40,1,4.1,34
2 Nike Mercurial Superfly 7 Academy TF,8495,5947,0,2,5,1
2 Nike Phantom Vision Academy Dynamic Fit MG,8495,5947,0,2,4,5
2 Nike Phantom Vision Academy Dynamic Fit IC,8495,6797,0,2,0,0
2 Nike Air Force 1 07 SE,8495,6797,0,2,3.6,5
1 Womens adidas Nova Run X Shoes,8599,5159,40,1,2.5,20
2 Nike TiempoX Lunar Legend VII Pro TF,8995,7197,0,2,3,1
2 Nike M2K Tekno,8995,7197,0,2,4.4,7
2 Nike Air Max Dia Icon Clash,8995,5397,0,2,4.6,23
2 Nike Free RN 5.0,8995,6297,0,2,0,0
2 Nike Mercurial Superfly 7 Academy MDS IC,8995,6297,0,2,0,0
2 Nike Air Wildwood ACG,8995,5397,0,2,3.4,7
2 Nike Free RN 5.0 AW,8995,5397,0,2,5,1
2 PG 3,8995,7197,0,2,4,19
2 Nike Air Huarache Ultra,8995,7197,0,2,4.6,12
1 Mens adidas Running PureBounce+ Clima Shoes,8999,4499,50,1,3.4,90
1 Womens adidas Originals Deerupt Runner Shoes,8999,5399,40,1,2.6,69
1 Womens adidas Originals Sambarose Zip Shoes,8999,5399,40,1,3.7,37
1 Womens Originals Continental 80 Shoes,8999,5399,40,1,4.4,81
1 Mens adidas Running 90s Valasion Shoes,8999,4499,50,1,3.5,43
2 Nike Free X Metcon 2,9995,7997,0,2,3.4,23
2 Nike Air Max 200,9995,5997,0,2,4.5,13
2 PG 3 NASA,9995,7997,0,2,3.7,11
2 Nike Air Skarn,9995,6997,0,2,4.5,2
2 Nike Air Zoom Structure 22,9995,6997,0,2,3.6,10
2 Nike Air Max 90 NS SE,9995,7997,0,2,5,2
2 Nike Odyssey React Flyknit 2,9995,5997,0,2,3.4,26
2 Nike Air Max Dia LX,9995,7997,0,2,1,1
2 Nike Air Max Dia SE,9995,5997,0,2,4.8,20
1 mens ADIDAS ORIGINALS PW HU HOLI STAN SMITH SHOES,9999,4999,50,1,3.1,49
1 WOMENS ADIDAS ORIGINALS EQT SUPPORT SOCK PRIMEKNIT SHOES,9999,4999,50,1,2.9,88
1 Mens adidas Running Solar Drive Shoes,9999,4999,50,1,3.2,50
1 Womens adidas ORIGINALS EQT RACING Low Shoes,9999,4000,60,1,3.9,34
1 WOMENS ADIDAS ORIGINALS EQT ADV RACING SHOES,9999,4999,50,1,4.2,81
2 Nike React Ianga,10995,8797,0,2,4.3,9
2 Nike Air Zoom Pegasus 36,10995,7697,0,2,4.7,3
2 Nike Huarache Type,10995,6597,0,2,4.5,2
2 Kyrie 6 Enlightenment',10995,8797,0,2,4.4,10
2 Nike Free RN Flyknit 3.0,10995,6597,0,2,4.1,13
2 Nike Vandalised,10995,7697,0,2,0,0
2 Nike Signal D/MS/X,10995,7697,0,2,2.7,3
2 Nike Vandalised LX,10995,8797,0,2,5,1
2 Nike Air Force 1 07 Premium,10995,7697,0,2,5,1
2 Nike Air Zoom Pegasus 36 Premium Rise,10995,6597,0,2,5,5
1 Womens adidas Originals Falcon Shoes,10999,6599,40,1,3.7,14
1 Mens adidas Originals Yung-1 Shoes,10999,6599,40,1,3.5,90
1 Mens adidas Originals Yung-96 Shoes,10999,6599,40,1,4.1,52
2 Nike Air Max 200 SP,11995,8397,0,2,0,0
2 Nike Odyssey React,11995,9637,0,2,4.4,27
2 LeBron Soldier 13 SFG,11995,9597,0,2,4.2,6
2 Nike React Element 55 Premium,11995,7197,0,2,5,1
2 Nike Joyride CC,11995,8397,0,2,5,4
2 Nike Zoom Rise,11995,8397,0,2,4,2
1 Womens adidas Originals Marathon Tech Shoes,11999,7199,40,1,4.4,35
1 Womens adidas ORIGINALS SUPERSTAR BOUNCE PK Low Shoes,11999,4800,60,1,3.5,51
1 Womens adidas Originals I-5923 Shoes,11999,7199,40,1,3.4,84
1 Womens adidas Originals POD-S3.1 Shoes,11999,7199,40,1,3.6,93
1 WOMENS ADIDAS ORIGINALS ARKYN PRIMEKNIT SHOES,11999,5999,50,1,3.4,9
1 Womens adidas Originals Arkyn Shoes,11999,5999,50,1,3.1,65
2 Nike Epic Phantom React Flyknit,12995,7797,0,2,4.4,12
2 Nike ACG React Terra Gobe,12995,7797,0,2,3.7,19
2 Nike Xarr,12995,9097,0,2,4.8,4
2 Nike Air Force 1 GORE-TEX Â®,12995,9097,0,2,4.1,18
2 Nike Epic React Flyknit 2,12995,10397,0,2,4.1,72
2 Nike Zoom KD12 YouTube',12995,10397,0,2,4.6,5
1 Mens adidas Originals FYW S-97 Shoes,12999,7799,40,1,4.5,29
1 Unisex adidas Originals Marathon Tech Shoes,12999,7799,40,1,2.5,23
1 Womens adidas Originals NMD_R1 Shoes,12999,7799,40,1,3,76
2 Nike Air Max 95 Essential,13995,11197,0,2,0,0
2 Jordan Proto-React Z,13995,11197,0,2,4.6,5
2 Nike Air Max 270 React LX,13995,8397,0,2,0,0
2 Nike Zoom Vomero 5 SE SP,13995,11197,0,2,5,1
2 Nike Epic Phantom React Flyknit Icon Clash,13995,9797,0,2,0,0
2 LeBron 16 Low,13995,11197,0,2,4.7,17
2 Nike Epic Phantom React,13995,8397,0,2,5,3
2 Nike Air Max Tailwind IV,13995,8397,0,2,5,1
2 Nike React City,13995,9797,0,2,0,0
1 MENS ADIDAS ORIGINALS BOSTON SUPER X R1 SHOES,13999,6999,50,1,3.6,34
2 Nike Joyride Run Flyknit,14995,11997,0,2,4.4,26
2 Nike Air Max Tailwind IV SE,14995,10497,0,2,0,0
1 Womens adidas Originals NMD_Racer Primeknit Shoes,14999,7499,50,1,4.8,41
2 Nike Air Max Plus III,15995,11197,0,2,5,2
2 Nike Joyride Flyknit AW,15995,11997,0,2,0,0
2 Nike Air VaporMax 2019,15995,12797,0,2,3.8,24
2 Nike Air Max 97 Utility,15995,11197,0,2,5,1
2 Nike Air Max 97 SE,15995,12797,0,2,4.5,2
2 Nike Air Max 720 Waves,15995,11197,0,2,5,4
2 Nike Air Max Tailwind IV SP,15995,9597,0,2,3,5
2 Jordan Proto-Max 720,15995,12797,0,2,4.4,18
2 Nike Joyride Optik,15995,11197,0,2,0,0
2 Nike Air Max 98 NRG,15995,11197,0,2,0,0
2 Nike x Olivia Kim Air Max 98,15995,11197,0,2,4.5,2
2 Nike Air Max 98 LX,15995,12797,0,2,4.5,6
2 Nike x Olivia Kim Air Mowabb,15995,11197,0,2,0,0
2 Air Jordan 7 Retro,15995,11197,0,2,4.8,4
2 Jordan Air Latitude 720,15995,12797,0,2,5,1
2 Nike Zoom Pegasus Turbo 2 Rise,15995,9597,0,2,4,5
1 MENS ADIDAS ORIGINALS MICROPACER X R1 SHOES,15999,7999,50,1,0,94
1 WOMENS ADIDAS ORIGINALS NMD_R1 STLT PRIMEKNIT SHOES,15999,7999,50,1,4.7,82
2 LeBron 7,16995,13597,0,2,4.4,7
2 Nike x Undercover React,16995,13597,0,2,3.7,3
2 Nike Air Max 98,16995,10197,0,2,4.1,9
2 Air Jordan 11 Retro Low,16995,11897,0,2,4.4,25
2 Nike Air Max 97 On Air Jasmine Lasode,16995,13597,0,2,0,0
2 Nike Air VaporMax LX,16995,11897,0,2,0,0
2 Nike Air Max 720 (OBJ),16995,13597,0,2,5,5
2 Air Jordan 11 Low,16995,13597,0,2,0,0
2 Nike Air VaporMax 2019 Premium,16995,13597,0,2,5,1
2 Nike Zoom Fly SP Fast,16995,10197,0,2,0,0
2 Nike Air VaporMax SE,16995,10197,0,2,3.7,3
1 Womens ADIDAS ORIGINALS NMD_CS2 PK SHOES,16999,8499,50,1,5,56
2 Nike ISPA Air Max 720,17995,14397,0,2,3,4
2 Nike Zoom Pegasus Turbo Shield,17995,12597,0,2,4.1,11
2 Air Jordan 14 Retro,17995,14397,0,2,4.2,12
1 Unisex adidas Originals By Alexander Wang Wangbody Run Shoes,17999,8999,50,1,2.2,25
2 Air Jordan XXXIII,18995,15197,0,2,4.1,17
2 Nike Air Max FF 720,18995,13297,0,2,3.5,6
2 Nike Air Max 720 Horizon,19995,15997,0,2,0,0
1 Mens adidas Originals FuturePacer Shoes,19999,9999,50,1,3.5,1
